caption,image_file
A close-up of a beautiful nose with elegant contours and smooth skin from the left profile highlighted by natural light against a simple white background,perfil1.png
A close-up of a beautiful nose with elegant contours and smooth skin from the right profile highlighted by natural light against a simple white background,perfil2.png
A close-up of a beautiful nose with elegant contours and smooth skin from the left profile set against a simple white background without any natural light or highlights,perfil3.png
A close-up of a beautiful nose with elegant contours and smooth skin from the right profil set against a simple white background without any natural light or highlights,perfil4.png
